,Candidate
0,DC21bamrg
1,DC21bcrfk
2,DC21bctcj
3,DC21bcvnj
4,DC21bcvwj
5,DC21bcwdp
6,DC21bdfeh
7,DC21bdpob
8,DC21bfrbs
9,DC21bgjnp
10,DC21biten
11,DC21bizut
12,DC21bjcyc
13,DC21bjeff
14,DC21bqqct
15,DC21brxsi
16,DC21bshkl
17,DC21nqox
18,DC21nqpq
19,DC21nrcb
20,DC21nrdx
21,DC21nthz
22,DC21nvfu
23,DC21nvlp
24,DC21oadi
25,DC21oajl
26,DC21ocgm
27,DC21oevd
28,DC21ofzw
29,DC21ogcb
30,DC21okqg
31,DC21otlr
32,DC21ozgc
33,DC21pazg
34,DC21pcjg
35,DC21peva
36,DC21pitp
37,DC21psdt
38,DC21pwmx
39,DC21qexc
40,DC21qkde
41,DC21rpoj
42,DC21saaw
43,DC21sqxf
44,DC21tukg
45,DC21vaxc
46,DC21vknb
47,DC21volh
48,DC21vpwp
49,DC21vstb
50,DC21vtgn
51,DC21vwbf
52,DC21wcaa
53,DC21wfng
54,DC21whyc
55,DC21wnly
56,DC21wnop
57,DC21wweu
58,DC21wzyy
59,DC21xlau
60,DC21xlwr
61,DC21xrss
62,DC21yzwj
63,DC21zhsy
64,DC21zluo
65,DC22eojsz
66,DC22eojtv
67,DC22eojwn
68,DC22eojwt
69,DC22eokey
70,DC22eokgp
71,DC22eokkp
72,DC22eokrf
73,DC22eokwt
74,DC22eokyn
75,DC22eolhn
76,DC22eomtp
77,DC22eopbt
78,DC22eoqqy
79,DC22eoqvi
80,DC22eoqyr
81,DC22eorpd
82,DC22eotdw
83,DC22eoubh
84,DC22epdhs
85,DC22eqgmw
86,DC22eqnah
87,DC22esplm
88,DC22espym
89,DC22esqhk
90,DC22esqti
91,DC22ewkfi
92,DC22ezcmd
