,Candidates
0,DC21badcl
1,DC21bamrg
2,DC21batdg
3,DC21bcmoy
4,DC21bcqwl
5,DC21bcrfk
6,DC21bctcj
7,DC21bctyd
8,DC21bcuab
9,DC21bcufg
10,DC21bcvnj
11,DC21bcvwj
12,DC21bcwdp
13,DC21bcwvg
14,DC21bcxtx
15,DC21bczyf
16,DC21bdaia
17,DC21bdcmh
18,DC21bddvs
19,DC21bdfeh
20,DC21bdjxg
21,DC21bdpob
22,DC21bejki
23,DC21beuqr
24,DC21bfafa
25,DC21bfdzn
26,DC21bfpcx
27,DC21bfrbs
28,DC21bfvtt
29,DC21bgjnp
30,DC21biezt
31,DC21biffw
32,DC21binlx
33,DC21biten
34,DC21bizut
35,DC21bjbcx
36,DC21bjcyc
37,DC21bjeff
38,DC21bjguq
39,DC21bjtsz
40,DC21bkgat
41,DC21blqxd
42,DC21bowuk
43,DC21bppfk
44,DC21bqqct
45,DC21bqtzb
46,DC21brhyw
47,DC21brxsi
48,DC21bshkl
49,DC21btqyr
50,DC21btrjn
51,DC21btstb
52,DC21btxsm
53,DC21btzay
54,DC21bukxb
55,DC21bumwl
56,DC21burfh
57,DC21bvoev
58,DC21bvoij
59,DC21bvqvz
60,DC21nqox
61,DC21nqpm
62,DC21nqpq
63,DC21nqrk
64,DC21nqut
65,DC21nrcb
66,DC21nrdx
67,DC21nrjk
68,DC21nroy
69,DC21nrxl
70,DC21nscb
71,DC21nsea
72,DC21nsjk
73,DC21nsjn
74,DC21nsni
75,DC21nsrc
76,DC21ntfk
77,DC21nthz
78,DC21nuqu
79,DC21nvab
80,DC21nvfu
81,DC21nvld
82,DC21nvlp
83,DC21nvnh
84,DC21nvnp
85,DC21nwbm
86,DC21nwek
87,DC21nwnw
88,DC21nyxy
89,DC21oadi
90,DC21oajl
91,DC21oash
92,DC21oaxz
93,DC21ocdw
94,DC21ocen
95,DC21ocgm
96,DC21octl
97,DC21oeqp
98,DC21oeua
99,DC21oevd
100,DC21ofvq
101,DC21ofzw
102,DC21ogcb
103,DC21ohag
104,DC21ohkg
105,DC21ohst
106,DC21okce
107,DC21okqg
108,DC21omro
109,DC21onsc
110,DC21oofx
111,DC21opem
112,DC21opxw
113,DC21opzp
114,DC21osvo
115,DC21otlr
116,DC21owkd
117,DC21owsb
118,DC21owso
119,DC21owwi
120,DC21owwn
121,DC21oxhe
122,DC21oxhl
123,DC21ozgc
124,DC21pazg
125,DC21pcjg
126,DC21pclx
127,DC21pdhk
128,DC21peim
129,DC21peva
130,DC21phog
131,DC21pitp
132,DC21pnft
133,DC21psdt
134,DC21puze
135,DC21pwmx
136,DC21pxvw
137,DC21pzbg
138,DC21qadu
139,DC21qcpw
140,DC21qdfj
141,DC21qegb
142,DC21qexc
143,DC21qflz
144,DC21qgyz
145,DC21qibr
146,DC21qjee
147,DC21qjnt
148,DC21qkde
149,DC21qngs
150,DC21qnyz
151,DC21qpku
152,DC21qqav
153,DC21qrkw
154,DC21qruz
155,DC21qtam
156,DC21qufy
157,DC21ragw
158,DC21ralv
159,DC21rcba
160,DC21rfat
161,DC21rjys
162,DC21rott
163,DC21rpoj
164,DC21rqbl
165,DC21ruti
166,DC21rwue
167,DC21saaw
168,DC21sdmd
169,DC21shec
170,DC21shgy
171,DC21smua
172,DC21sosa
173,DC21spco
174,DC21spkk
175,DC21sqxf
176,DC21tpcx
177,DC21tukg
178,DC21umnt
179,DC21utfa
180,DC21uydt
181,DC21vaxc
182,DC21vefs
183,DC21vifb
184,DC21vjzl
185,DC21vknb
186,DC21vmmt
187,DC21vnnh
188,DC21volh
189,DC21voye
190,DC21vpwp
191,DC21vpxx
192,DC21vqpu
193,DC21vstb
194,DC21vtgn
195,DC21vuci
196,DC21vvso
197,DC21vwbf
198,DC21wcaa
199,DC21wcul
200,DC21wfng
201,DC21whyc
202,DC21wkca
203,DC21wnly
204,DC21wnop
205,DC21wotd
206,DC21wqbr
207,DC21wreh
208,DC21wsiu
209,DC21wsvk
210,DC21wtrk
211,DC21wvyp
212,DC21wweu
213,DC21wxru
214,DC21wzyy
215,DC21xaml
216,DC21xiih
217,DC21xjnw
218,DC21xlau
219,DC21xlht
220,DC21xlwr
221,DC21xlzp
222,DC21xoda
223,DC21xpnk
224,DC21xqob
225,DC21xrss
226,DC21xzin
227,DC21yhzb
228,DC21yisl
229,DC21yzwj
230,DC21zaoi
231,DC21zder
232,DC21zdst
233,DC21zebn
234,DC21zhsy
235,DC21zluo
236,DC21zrab
237,DC21zzpr
238,DC22eojmv
239,DC22eojsb
240,DC22eojsz
241,DC22eojtv
242,DC22eojwn
243,DC22eojwt
244,DC22eojyx
245,DC22eojzk
246,DC22eokdc
247,DC22eokdz
248,DC22eokey
249,DC22eokgp
250,DC22eokix
251,DC22eokkp
252,DC22eokmo
253,DC22eokoq
254,DC22eokps
255,DC22eokrf
256,DC22eoksk
257,DC22eokwt
258,DC22eokyn
259,DC22eolas
260,DC22eolhn
261,DC22eoliq
262,DC22eolke
263,DC22eomae
264,DC22eomtp
265,DC22eomvw
266,DC22eonpb
267,DC22eonrn
268,DC22eonts
269,DC22eooag
270,DC22eoorz
271,DC22eopba
272,DC22eopbt
273,DC22eoqqy
274,DC22eoqvi
275,DC22eoqyr
276,DC22eormv
277,DC22eorpd
278,DC22eoshs
279,DC22eotdw
280,DC22eoubh
281,DC22eoufl
282,DC22eowym
283,DC22eoxji
284,DC22epdgs
285,DC22epdhc
286,DC22epdhs
287,DC22epdzn
288,DC22epekb
289,DC22epmfw
290,DC22epnxz
291,DC22eqgmw
292,DC22eqhnl
293,DC22eqifp
294,DC22eqjcu
295,DC22eqldg
296,DC22eqljl
297,DC22eqmsu
298,DC22eqnah
299,DC22eqqhv
300,DC22eqqhw
301,DC22erdjw
302,DC22erlbb
303,DC22espjv
304,DC22espkb
305,DC22esplm
306,DC22espuf
307,DC22espvw
308,DC22espwe
309,DC22espwg
310,DC22espxh
311,DC22espym
312,DC22espzn
313,DC22esqah
314,DC22esqbw
315,DC22esqeg
316,DC22esqhk
317,DC22esqhu
318,DC22esqjx
319,DC22esqkw
320,DC22esqne
321,DC22esqqa
322,DC22esqti
323,DC22esqtq
324,DC22esqui
325,DC22esquk
326,DC22esqvt
327,DC22esqxl
328,DC22esqzk
329,DC22esrap
330,DC22esrax
331,DC22esraz
332,DC22etuyv
333,DC22eukrk
334,DC22evsqq
335,DC22ewkfi
336,DC22eygvz
337,DC22eylzt
338,DC22eymri
339,DC22eyncu
340,DC22eyngd
341,DC22eynjm
342,DC22eynqr
343,DC22eytti
344,DC22eyvcb
345,DC22ezcfa
346,DC22ezcgf
347,DC22ezcgx
348,DC22ezcjj
349,DC22ezcmd
350,DC22ezemy
351,DC22ezfce
352,DC22ezgpv
353,DC22ezgvl
354,DC22ezjev
355,DC22ezkye
356,DC22ezwtk
357,DC22ezymb
358,DC22faekj
359,DC22fafwh
360,DC22faimq
361,DC22fatmk
362,DC22fazip
363,DC22fhhpf
364,DC22fjylx
365,DC22fkzkn
